dataset,variant,dataset type,BAcc (test),BAcc (test) (std),BAcc (train),BAcc (train) (std),Acc (test),Acc (test) (std),Acc (train),Acc (train) (std),rules,rules (std),conditions_count,conditions_count (std),avg conditions per rule,avg conditions per rule (std),avg rule quality,avg rule quality (std),avg rule precision,avg rule precision (std),avg rule coverage,avg rule coverage (std),training time total (s),training time total (s) (std),training time growing (s),training time growing (s) (std),training time pruning (s),training time pruning (s) (std),induction measure,pruning measure,voting measure,attr types
anneal,complex_conditions,original,0.9286617647058822,0.0974837314772558,0.9683366165669536,0.0173614558136924,0.9877278401997504,0.0098178913199174,0.9946795946590952,0.0020250004318504,44.9,10.016098153583672,44.9,10.016098153583672,2.258896864341742,0.3043128085732852,0.6928389537967943,0.0099898323115124,0.995903285282536,0.0023804624520735,0.1408516472864392,0.010911925395967,1.2182924403999995,0.4823761483299611,1.2688657628,0.916213140858532,0.2274353,0.1662294181249579,C2,C2,C2,mixed
anneal,complex_conditions_inner_alternatives,original,0.9283676470588236,0.0972487360177754,0.9585479595311056,0.0283544004774722,0.9866167290886392,0.0088563559010258,0.9941845451541448,0.0024091584184232,51.6,11.452316602135811,49.5,10.936686477681944,2.789976657329598,0.4235544908129036,0.7250769700108461,0.0124884393032887,0.9944847327682084,0.0025604374133994,0.1733600928928523,0.0277856951298285,1.2287176464,0.492846780463926,1.2137405756,0.5726052226694807,0.1879741752,0.0987135220062862,C2,C2,C2,mixed
anneal,plain,original,0.9314558823529412,0.0864946625706482,0.9545665522626332,0.020580884116491,0.9899625468164794,0.0063636948277756,0.9945558322828576,0.0038345612861267,70.5,10.25508004194344,70.5,10.25508004194344,2.365476631883751,0.2463691974930414,0.641566209578299,0.007504525134772,0.9968506888524504,0.001970214949682,0.1244060050236861,0.0105029436292417,0.4373001891999999,0.179053850462402,0.4555043768,0.2400787668802295,0.0871617056,0.0627960794916847,C2,C2,C2,mixed
auto-mpg,complex_conditions,original,0.6620873015873016,0.0769518109775982,0.917536860049184,0.0158392513767749,0.7864102564102564,0.0630394753685711,0.946400616236909,0.0109015303772064,124.3,21.46340554939448,124.3,21.46340554939448,3.5725869039246647,0.3434894920233213,0.5937645599038397,0.0089330499892751,0.9669746949295344,0.0102185149973972,0.1193137918711235,0.0153964958403618,4.178134591999999,1.5089069108536184,7.938996523599999,2.5119724689593217,0.1932404652,0.0912183621951516,C2,C2,C2,mixed
auto-mpg,complex_conditions_inner_alternatives,original,0.6774761904761906,0.0991189583340874,0.920352438706312,0.0193708371216381,0.7941025641025641,0.0804525061252694,0.9497510153903612,0.0147712296141723,137.0,19.708993998792643,128.1,18.465884459968034,4.797646614813848,0.2072440318805398,0.596885780958657,0.0172894179331924,0.9608185859251244,0.019712539542687,0.1127233359386313,0.0235885220370004,23.79581885,37.51919671373545,50.1208722864,91.28585740232154,0.7368253924000001,2.09230482392625,C2,C2,C2,mixed
auto-mpg,plain,original,0.6736984126984127,0.0616705445724232,0.8540567199493255,0.0487138828976626,0.7688461538461538,0.032918745443782,0.9019965453385412,0.0262236584982374,125.0,5.715476066494082,125.0,5.715476066494082,3.657323704051645,0.1398153845840215,0.546278208709454,0.015564730428567,0.9100307973535602,0.0166159280865307,0.1527885639804599,0.0335466759623063,0.5938024216,0.2847754731852489,1.1676765275999998,0.665200150600652,0.180326066,0.0940982156630595,C2,C2,C2,mixed
autos,complex_conditions,original,0.7554206349206349,0.0525875096018129,0.944065830964798,0.017366750146432,0.7852380952380952,0.0477616911166469,0.946313160987074,0.0148849408895997,71.3,8.35397443669113,71.3,8.35397443669113,2.788835631634732,0.3030856818439712,0.6834164898339493,0.0190067906717751,0.98876965519728,0.00404733939119,0.0770796123600658,0.0075483540024079,1.1836229688000002,1.0141615757317242,3.012505836,2.5741872289089183,0.2944051199999999,0.2628558919820977,C2,C2,C2,mixed
autos,complex_conditions_inner_alternatives,original,0.7327698412698412,0.0891436922591863,0.9453419500425404,0.0165435066528415,0.7611904761904762,0.089938880733383,0.9495828437132784,0.0130673258057519,72.2,6.268084945889685,68.9,6.402256546631734,3.1224915302089213,0.2702722670074548,0.7035951303555837,0.017259857295132,0.9908510277173322,0.0046449455113623,0.0823049566579812,0.0074623181534655,1.4107506088,0.3580535956809993,3.8466050092,0.948885935661706,0.2138072412,0.087458558869425,C2,C2,C2,mixed
autos,plain,original,0.6991904761904761,0.1095892361387405,0.9309435803498356,0.0223485781673084,0.7169047619047619,0.1069248222420268,0.9306374853113984,0.020313945815125,100.3,10.360716405946285,100.3,10.360716405946285,3.5658143516764205,0.2849846752178398,0.6523537523037333,0.0115065708613352,0.960779107123787,0.0140910773769156,0.0790849152239707,0.0079857044920925,0.4761237339999999,0.1715483598513413,0.704725662,0.5059089195582642,0.1052373675999999,0.0442904739524424,C2,C2,C2,mixed
balance-scale,complex_conditions,original,0.8918883415435139,0.0909923025134423,0.9402253452253452,0.0127754640630018,0.9487199180747566,0.0302044003715655,0.968534414644476,0.0062143944194308,57.1,4.121757985239901,57.1,4.1217579852399,2.431379432162041,0.0555021988269248,0.6621297851822354,0.0077848766319345,0.9696240894814288,0.0078097074730952,0.1791624054034117,0.0120767266592193,0.1977570268,0.0461668734935633,0.3048082703999999,0.0878489440893118,0.0641656192,0.0222101616146431,C2,C2,C2,numerical
balance-scale,complex_conditions_inner_alternatives,original,0.8918472906403941,0.0872066944167093,0.9375811425811426,0.0122443541889116,0.9487199180747568,0.0260972258287243,0.9683548984532532,0.005292253386238,58.4,4.742245131674331,57.6,4.402019738458447,2.4726253818645128,0.0791688917604328,0.665175754977356,0.0060169808122112,0.9684738436386688,0.0063818145853717,0.1824287905397062,0.008878627663244,0.1717946775999999,0.059951910982497,0.300205222,0.1122059308447339,0.033956294,0.0119469397246257,C2,C2,C2,numerical
balance-scale,plain,original,0.6287766830870278,0.0305620535185673,0.7122381972381973,0.0241060228364685,0.8591653865847414,0.0292029431360316,0.9127099359683444,0.005728279914004,164.0,7.423685817106696,164.0,7.423685817106696,3.2944425337328966,0.0590674765683847,0.496625853122549,0.0071657748404659,0.8456714657325204,0.0143794996753489,0.1156397782556969,0.0145921359570409,0.3265855664,0.1351322288636171,0.6380332191999999,0.3368756533486247,0.095424174,0.0309460203866625,C2,C2,C2,numerical
bupa-liver-disorders,complex_conditions,original,0.678452380952381,0.0996931706240975,0.9702929470868404,0.0127746979836515,0.6953781512605042,0.0887740874915297,0.9716668395394668,0.0128367786571649,192.3,11.70991982134046,192.3,11.70991982134046,3.468869794566755,0.1006550859926329,0.5245914542174209,0.0057326224128048,0.9803877125435928,0.0049004193533665,0.0482922312481881,0.0042315212724996,0.7793712436,0.1919172365453268,1.3215429548,0.3420999115484149,0.0849581908,0.0295219104648745,C2,C2,C2,numerical
bupa-liver-disorders,complex_conditions_inner_alternatives,original,0.6414285714285713,0.0735012336148689,0.981909701833366,0.0124789239766249,0.6522689075630252,0.0786459649353381,0.981962452027798,0.0115893378574382,233.3,17.192052427405713,210.1,15.559562975867928,4.551263549862247,0.2654892496493568,0.5365100891851862,0.0083269538008243,0.9808611874749176,0.0051085619831553,0.0593932514881953,0.0062741060675737,2.3894511972,0.5587134725432472,4.3189505516,0.8486419473229151,0.072873192,0.0176537446153562,C2,C2,C2,numerical
bupa-liver-disorders,plain,original,0.7126190476190476,0.0700443476120743,0.9483028316043584,0.0141179076416393,0.7248739495798319,0.0710272683629408,0.9497521004045224,0.0121800587804253,216.5,7.397447007057382,216.5,7.397447007057389,4.133355556762882,0.1614616187307895,0.5038949505081938,0.0049606906598743,0.9536039425682498,0.0045398904673117,0.0654584904517489,0.0039988239888777,0.3020796824,0.11528977535961,0.4493349708,0.1726140702456247,0.0780827839999999,0.0390425439673504,C2,C2,C2,numerical
car,complex_conditions,original,0.6583213636443302,0.0797688999032767,0.6964750940038458,0.0587920169521059,0.8830857642156204,0.0266205277707476,0.8889536200497605,0.0197835953443405,120.5,26.64686764998009,120.5,26.64686764998009,4.150989459723579,0.2330709225947698,0.5348619386293657,0.0137984927557209,0.8560222825499603,0.0163213792737793,0.1105721835732762,0.0083525554235296,0.3871251516,0.1346771548928111,0.5882829412,0.1731190512485051,0.1432044187999999,0.0894579966217574,C2,C2,C2,nominal
car,complex_conditions_inner_alternatives,original,0.6583213636443302,0.0797688999032767,0.6964750940038458,0.0587920169521059,0.8830857642156204,0.0266205277707476,0.8889536200497605,0.0197835953443405,120.5,26.64686764998009,120.5,26.64686764998009,4.150989459723579,0.2330709225947698,0.5348619386293657,0.0137984927557209,0.8560222825499603,0.0163213792737793,0.1105721835732762,0.0083525554235296,0.3158265996,0.0956496799128308,0.4613214408,0.0897376357110525,0.0980278364,0.0263116960933561,C2,C2,C2,nominal
car,plain,original,0.5577248110740934,0.0504082510489793,0.6422771772195752,0.0274509399152639,0.8761661513644305,0.0188559515114358,0.9107510394365964,0.0038788044890503,232.0,9.580071908799942,232.0,9.580071908799942,3.4210008931108677,0.0398931467608934,0.3737141440562767,0.0027339879599394,0.7430708827407774,0.0028477654945085,0.0354236464625219,0.0041720576488839,0.8544407672000001,0.1534644574594499,1.0401671212,0.2569289815888875,0.1929125332,0.0931267444270524,C2,C2,C2,nominal
cleveland,complex_conditions,original,0.3155343137254902,0.1035883780062664,0.9068292898335526,0.0339614558118801,0.5911827956989246,0.0756583197277192,0.9369168821374704,0.0200153145466158,208.1,21.42402597293256,208.1,21.42402597293255,4.6577386179940365,0.3051329916927926,0.5580415727404098,0.0087797589199476,0.9403470304155964,0.0096227817090373,0.071031497465622,0.0072346594213796,1.3132900008,0.2201731715149284,2.4178519952,0.4136896933008978,0.1285343448,0.0261979633978517,C2,C2,C2,mixed
cleveland,complex_conditions_inner_alternatives,original,0.2589313725490196,0.0712453408021459,0.914700633997754,0.0237714623748391,0.5482795698924731,0.0538289922960506,0.9424248545572076,0.0143780239677732,214.3,20.800908099834917,208.9,20.431185313958984,5.294336527626002,0.2870524402085409,0.5627162990907111,0.0075773936263566,0.9319363227967852,0.0124891273063176,0.0740679724978441,0.0051349036756064,2.5043960432,0.2502581848465308,4.3611115608,0.357256606715611,0.086519598,0.0130918109783299,C2,C2,C2,mixed
cleveland,plain,original,0.2292745098039215,0.063805429164037,0.8716172267305907,0.0137197095196501,0.5149462365591397,0.070656516802106,0.9108960892049128,0.010341482606021,231.5,9.947082207584517,231.5,9.947082207584517,5.793104089592806,0.2532674509177342,0.5440329343289012,0.0075980074974895,0.8908255763695839,0.0103492892990354,0.1045987171772259,0.0105234851462074,0.1894561128,0.0308982503797978,0.4137861864,0.074606804342905,0.0356740956,0.004380194673526,C2,C2,C2,mixed
credit-a,complex_conditions,original,0.8478921248530756,0.0439626913638971,0.9186801431267406,0.0084568950402333,0.8507246376811594,0.0426928523580399,0.9201288244766506,0.0080765401497816,176.1,24.039088538831454,176.1,24.039088538831454,5.5066986487143685,0.4589703393125272,0.577382695274326,0.0134918363535697,0.9473341073811046,0.0087533812924804,0.1564416334174286,0.0143744341704408,8.177344944400001,1.1168270548625734,14.282535306399998,1.5768415898887451,0.1648997583999999,0.0187137615130151,C2,C2,C2,mixed
credit-a,complex_conditions_inner_alternatives,original,0.8610787514692438,0.0567581746300991,0.9188548507104016,0.0094827502704176,0.8623188405797102,0.0564411664036131,0.9194847020933976,0.0101561395214302,204.7,32.826310585666896,195.2,31.47062122043351,6.2505869666468445,0.6201481900505064,0.5909812036966826,0.0154794917783172,0.9542385060856128,0.0087004487419636,0.1623399649926732,0.0158239846565531,14.3461041616,2.352944146316009,25.1870785864,3.3992535859343023,0.1647894116,0.0186667614858589,C2,C2,C2,mixed
credit-a,plain,original,0.8475612729093205,0.0473479981491862,0.8914027862443558,0.0120098045624802,0.8507246376811594,0.0443024406497019,0.8930756843800323,0.0125240906779086,132.8,13.364962484878967,132.8,13.364962484878973,4.7395873131451225,0.1348149692110838,0.5559833186344492,0.0149887967334489,0.8841478069159185,0.0130401682558482,0.2676701021086148,0.0229450949062175,0.5763593003999999,0.0895538740284493,0.94713501,0.1171203731039761,0.0823179788,0.0103481670454645,C2,C2,C2,mixed
cylinder-bands,complex_conditions,original,0.747036768455948,0.0457444540482258,0.9924889719261972,0.0054030294159388,0.7611111111111111,0.0394772270501715,0.99320987654321,0.0052279393690423,225.3,18.99736823878508,225.3,18.99736823878508,3.1448190149649355,0.2271960704721501,0.5339208795609744,0.0030191669205802,0.9956689104752046,0.0024642993620975,0.0398904945431022,0.0017504708898216,5.550352858400001,9.22708121837868,9.4443435912,16.938319205997416,0.1752457872,0.0672189183103325,C2,C2,C2,mixed
cylinder-bands,complex_conditions_inner_alternatives,original,0.7584239130434783,0.0430339210867782,0.9907586008592402,0.0057009294203458,0.774074074074074,0.0335838777993467,0.9919753086419754,0.0050819296441269,237.6,18.16712537647177,229.4,18.922062372913917,3.598989055085892,0.312797726221173,0.5377290758658464,0.0034174171004927,0.9943419687519556,0.0026530710708101,0.0457562969749608,0.0029693058524062,6.484575250799999,1.0073344422702473,8.3832626124,1.0394559002082853,0.161928294,0.0525403587035421,C2,C2,C2,mixed
cylinder-bands,plain,original,0.7533606799056483,0.0636173168908383,0.9936601131853416,0.0037938365071475,0.7722222222222223,0.0592399659951114,0.9940329218106996,0.0038126041453188,290.1,10.004998750624608,290.1,10.004998750624608,4.163992086767914,0.1693094913063415,0.5329065224306565,0.0034589483699693,0.9899963234409016,0.0037529190703968,0.0456831695950407,0.0039819721710069,0.6867777792,0.1297955736209903,1.1828116672000002,0.2207660054137768,0.0712738548,0.0164202673222123,C2,C2,C2,mixed
echocardiogram,complex_conditions,original,0.8116666666666665,0.1078280396993503,0.9439068505611644,0.0176785971464672,0.8549450549450549,0.0846145917537342,0.9592930609879762,0.0124890552119158,27.6,6.963396361610396,27.6,6.963396361610396,3.208769841269841,0.4418565787103365,0.7666587136710654,0.0245918938466917,0.9724458628161606,0.0117521831179335,0.3517680977214875,0.0256192124998851,0.4532248391999999,0.153304159040713,0.560482214,0.2027977856664967,0.0259463744,0.0126841037329658,C2,C2,C2,mixed
echocardiogram,complex_conditions_inner_alternatives,original,0.8290277777777778,0.09576610184195,0.9504262329387244,0.0177048699081067,0.8697802197802197,0.0734452787157727,0.9635448355787336,0.0119920596083416,29.7,6.147266781984404,27.0,6.253887679764573,4.026230158730159,0.4892829947529309,0.7600015506264646,0.0449962520673748,0.9655289146282502,0.0242400107319059,0.3395482554168995,0.033605858665802,0.4456496372,0.1295534365160194,0.5408023244,0.141566537772413,0.0142280552,0.0073865577299475,C2,C2,C2,mixed
echocardiogram,plain,original,0.8168055555555556,0.1216076897758527,0.9307289691487723,0.013038542121288,0.8478021978021978,0.1013153307935538,0.9406345067362016,0.0138100069263671,22.7,4.571651780264984,22.7,4.571651780264984,2.759246031746032,0.4056348028787205,0.7311499213350522,0.0197535151979373,0.9231923396853086,0.0202843972289872,0.402563869746073,0.0243462910298133,0.2172186356,0.0819756975252733,0.2075379296,0.0802323162806497,0.0197866884,0.0173620604961934,C2,C2,C2,mixed
ecoli,complex_conditions,original,0.7363571428571428,0.1441950001497685,0.884764332250698,0.061993779751025,0.8427807486631016,0.054814565200911,0.9384958363386008,0.01246852269646,85.5,8.276472678623424,85.5,8.276472678623424,3.2278414663242243,0.2305402973263485,0.7461549724201989,0.0143595589116967,0.966917299399682,0.0073773000524503,0.0975482142227203,0.0118173821791143,0.4158482655999999,0.0470234371590514,1.4216472288,0.1744045490605416,0.066799276,0.0260887551685447,C2,C2,C2,numerical
ecoli,complex_conditions_inner_alternatives,original,0.7268809523809524,0.1276695473984379,0.8610235928324033,0.0576464710118045,0.8367201426024955,0.0494307467175458,0.9335355058684676,0.0079897778814998,91.9,11.911245853300896,87.1,11.120051958311866,3.4643437725581654,0.2680583782621738,0.7653571499398831,0.0118048196957075,0.9654461181462312,0.0083795604350886,0.1093745698393854,0.0110721597251962,0.5258223531999999,0.0754090717694771,1.7502109104,0.284037913793851,0.0295026776,0.0046699328951445,C2,C2,C2,numerical
ecoli,plain,original,0.7186190476190475,0.1415898184482598,0.8658360899787902,0.0305034620517245,0.8397504456327984,0.0450102362982863,0.927588354861976,0.0114351104740459,103.2,12.200182148002728,103.2,12.200182148002728,3.588812954235647,0.2095578621054097,0.7763525533947575,0.0184465852296818,0.9450439934700852,0.0125803423561407,0.1467180818042097,0.008645280088587,0.1368764915999999,0.0609860490494438,0.4301051047999999,0.2338394254161411,0.0504662407999999,0.0320965458222574,C2,C2,C2,numerical
flag,complex_conditions,original,0.5441666666666666,0.1249927981464427,0.912987295737334,0.0242728079874335,0.6602631578947368,0.0907498430327279,0.9323809523809524,0.0190106909142989,79.6,7.974960814950753,79.6,7.974960814950753,4.096988304093567,0.2689779857452694,0.6672079155883882,0.0130521866032115,0.9644128573452204,0.0070233690638717,0.1291208305383052,0.0117107666165841,1.1493784104,0.5104899681227892,2.3407230704,1.1239531791944055,0.2783679744,0.1136674715590731,C2,C2,C2,mixed
flag,complex_conditions_inner_alternatives,original,0.576111111111111,0.1064549081173672,0.9149626043793092,0.0227947084240901,0.6749999999999999,0.0957728441319886,0.9335336617405584,0.0194562023439734,82.4,9.203863922891903,81.6,9.264028401414915,4.26923780038331,0.3265534292573643,0.6686239037715114,0.0146778436066575,0.9642863189913404,0.0096566408051056,0.1299986789150022,0.0130904201800428,1.033310912,0.2541731897619045,2.0024574056000004,0.4682522223294811,0.1999623527999999,0.0704588422414739,C2,C2,C2,mixed
flag,plain,original,0.5444444444444445,0.1640065491013945,0.9141475617154402,0.0226251404021995,0.6871052631578947,0.1422375927078236,0.9335730706075532,0.0123676225962442,96.0,7.630348761506398,96.0,7.630348761506399,4.225651703369094,0.2247580174480197,0.5250281258871302,0.0237357404253837,0.8895984973841422,0.0241845946781676,0.0877564194093429,0.0113385605219784,0.4475912703999999,0.1179297014939914,0.5019187892,0.2989695600435738,0.0767628968,0.0347930458880395,C2,C2,C2,mixed
glass,complex_conditions,original,0.6202182539682539,0.1393362174604245,0.9362626084604984,0.0179392765112211,0.7095238095238094,0.1109789135048914,0.953276122625216,0.0103453855748713,79.7,5.355163655555055,79.7,5.355163655555055,2.6682693071666934,0.1793721190531421,0.6497375049516659,0.0089168442529394,0.9902419837631764,0.0040013326461791,0.0671564431749502,0.0055078603376926,0.6914848456,0.0826789176174345,1.9307682480000004,0.1979443005069872,0.0394271879999999,0.0065801678527678,C2,C2,C2,numerical
glass,complex_conditions_inner_alternatives,original,0.6224801587301587,0.1204164416309083,0.939082310012617,0.0193994760379205,0.7147186147186146,0.0649895554599384,0.9537888601036272,0.0107865858849747,90.2,8.916900308465443,85.4,9.118966803073446,3.476453301127214,0.366063527319023,0.6770102717585313,0.0051389502605798,0.9863711103658586,0.0082901025543493,0.0809224186781585,0.0056748016705632,1.6810755164,0.2960306433796648,3.9848002140000007,0.5533950669230079,0.0347945604,0.0085349675501704,C2,C2,C2,numerical
glass,plain,original,0.660952380952381,0.1005754209631917,0.9354355625114364,0.0242551591682378,0.7010822510822512,0.0830036330634046,0.9454717184801382,0.0163316095255672,113.6,11.927559124425528,113.6,11.92755912442553,4.17314827445862,0.3414526158869326,0.6433482854990386,0.0111667502383587,0.94829116041137,0.0140403918032135,0.0907419758798538,0.0102288316431198,0.0858322648,0.0109710407114571,0.1949778979999999,0.0232030092430824,0.0181632851999999,0.0057068268381556,C2,C2,C2,numerical
hayes-roth,complex_conditions,original,0.8077777777777777,0.0898176784575935,0.8968599033816425,0.0121177232318422,0.7818681318681319,0.0991060825138717,0.8804871100982767,0.0140404742589073,40.3,1.9465068427541912,40.3,1.9465068427541912,2.76,0.0794983008861784,0.5884565323361022,0.0111260286745434,0.9253616250875826,0.0088822377956783,0.1426334940755963,0.0077392755831306,0.032645774,0.0090898565076798,0.0402022104,0.0077389797319969,0.0078515564,0.0014186143227028,C2,C2,C2,nominal
hayes-roth,complex_conditions_inner_alternatives,original,0.8077777777777777,0.0898176784575935,0.8968599033816425,0.0121177232318422,0.7818681318681319,0.0991060825138717,0.8804871100982767,0.0140404742589073,40.3,1.9465068427541912,40.3,1.9465068427541912,2.76,0.0794983008861784,0.5884565323361022,0.0111260286745434,0.9253616250875826,0.0088822377956783,0.1426334940755963,0.0077392755831306,0.0347060603999999,0.0145465714976943,0.0503546388,0.0268624043167749,0.0070063836,0.00275023652674,C2,C2,C2,nominal
hayes-roth,plain,original,0.7988888888888888,0.1292003473942846,0.9026409017713366,0.0087423120091911,0.7978021978021977,0.1282522153194439,0.8872311636519015,0.0103615067054132,25.9,0.9944289260117531,25.9,0.9944289260117531,1.811904761904762,0.0642121860513295,0.4812083048544752,0.0118088986447785,0.8390721048646353,0.0109793907532866,0.1877246152698367,0.0104543903839522,0.016120012,0.003343985642438,0.0262668768,0.0061178998636953,0.0052936899999999,0.0028984079988819,C2,C2,C2,nominal
heart-c,complex_conditions,original,0.7827387685843569,0.0514934218442407,0.9417250405200612,0.0144590851409093,0.7856989247311827,0.0528574803919559,0.9424329347123463,0.0149447372622322,136.0,18.891503087073005,136.0,18.891503087073005,3.814309117843061,0.2549779007451196,0.6072416120410326,0.0078174601357001,0.9842776475761068,0.0046645830364231,0.134097949819678,0.0127366845388732,1.3395846896,0.2272145332075161,2.0828165484,0.3136910088092596,0.0784870796,0.014431816207685,C2,C2,C2,mixed
heart-c,complex_conditions_inner_alternatives,original,0.7932813510019392,0.0628885209046798,0.9484280890329602,0.0103271315223868,0.795483870967742,0.0626405999370478,0.948662734324499,0.0107783674641273,141.9,12.91381688993098,135.6,12.411464234506925,4.8209533171358725,0.3792219756080938,0.6311540122124459,0.0114170399460883,0.9814036288227292,0.0051622137254018,0.1615154305245718,0.0134647182761928,2.6780257952000004,0.4601029737176871,4.010876138,0.5584384597251895,0.0705709412,0.0093242143343369,C2,C2,C2,mixed
heart-c,plain,original,0.7791552197802197,0.0692286150668434,0.9361909527626782,0.0082355762570783,0.7823655913978493,0.0663483362276189,0.9380305968541264,0.0083512509165663,128.2,9.531235200352809,128.2,9.53123520035281,4.458541124810591,0.2988874743627674,0.6209849649503896,0.0125483810167094,0.959446818049228,0.0069218238295243,0.1952559504469303,0.0160953082328138,0.181051028,0.0281611564712762,0.2515086008,0.0328854723142637,0.0253212716,0.0048314699338916,C2,C2,C2,mixed
heart-statlog,complex_conditions,original,0.7858333333333334,0.0816543830520134,0.9479629629629632,0.0176050421620053,0.7925925925925925,0.0784703633682503,0.9489711934156378,0.0169342105481601,117.1,16.542537760439163,117.1,16.542537760439163,3.589484014625839,0.2640240937049294,0.6100505943573636,0.0087457316899776,0.98464378738143,0.0047818238100592,0.1373312591661425,0.0128590694120373,1.2548834251999998,0.2886643329252429,1.8949604708,0.4045343716370783,0.0706269348,0.0091981004327524,C2,C2,C2,mixed
heart-statlog,complex_conditions_inner_alternatives,original,0.7908333333333334,0.0745821694508815,0.9525925925925924,0.0137323135894438,0.8,0.0680693765535319,0.9539094650205762,0.0125422545411933,119.0,21.41131580366897,113.3,20.369094236121544,4.397271102543966,0.3986148111962272,0.6291198136359004,0.0106386856797772,0.9812260491849942,0.0063684498787998,0.1612310512716729,0.0127988288981519,1.8387256956,0.5356504471360141,2.8620625296,0.8536755053050572,0.0591610487999999,0.0121225369770349,C2,C2,C2,mixed
heart-statlog,plain,original,0.7924999999999999,0.0798774137949389,0.931574074074074,0.0100339501425961,0.7962962962962964,0.0785674201318386,0.9349794238683128,0.0096608048623643,120.7,8.433399209228874,120.7,8.433399209228874,4.491456486042693,0.2036576795599218,0.6273523226718034,0.0153916346163846,0.9610053521443108,0.0073584001322911,0.1992572398511095,0.0168153905427234,0.1810436712,0.0672172224778968,0.2618098288,0.1065581526329023,0.0195147532,0.0023834538463398,C2,C2,C2,mixed
hepatitis,complex_conditions,original,0.6221153846153846,0.1632096125814292,0.9299973775835844,0.027871983111037,0.82,0.0891013086877883,0.9684480986639258,0.0118669561210512,32.7,3.802046232695699,32.7,3.802046232695699,2.676794871794872,0.2186167489647084,0.6758895621448655,0.0204235681784928,0.9747998332632116,0.016215421475704,0.2689115081561124,0.0277712919109518,0.6941821867999999,0.2665955584980886,0.6840125799999999,0.2581866574959748,0.0565183307999999,0.0294232720032699,C2,C2,C2,mixed
hepatitis,complex_conditions_inner_alternatives,original,0.6096153846153846,0.156995309521112,0.9299973775835844,0.027871983111037,0.81375,0.0869814883810782,0.9684480986639258,0.0118669561210512,33.5,3.9791121287711073,33.0,3.858612300930075,2.724230769230769,0.2428053422337628,0.6759239360303013,0.0187890531639782,0.9749526774334768,0.01656660940177,0.2658980288296835,0.0248800131719787,0.4496661824,0.1413508114645667,0.5173025919999998,0.1414755791477299,0.0372791772,0.0277816984602037,C2,C2,C2,mixed
hepatitis,plain,original,0.6525641025641025,0.1938106039999015,0.9203577581163788,0.0323555471536371,0.7879166666666666,0.1165417651517744,0.9569989722507708,0.013463597714812,40.1,3.3482997343593826,40.1,3.3482997343593826,2.887619047619048,0.2479646243660662,0.6324744500290185,0.0237192426271643,0.944073490952556,0.0181651719178668,0.2864457288172601,0.0321573487476072,0.362480328,0.0987641737566561,0.1811795556,0.1365820850464528,0.0328780964,0.0143638190241294,C2,C2,C2,mixed
horse-colic,complex_conditions,original,0.8238284360566969,0.0660221012315506,0.8959401675166025,0.0185429871193488,0.8424924924924925,0.0619588489161885,0.9097122629490773,0.013825420317261,128.5,16.40629960309962,128.5,16.40629960309962,4.468322435251607,0.2726774486282243,0.616702746420341,0.0199752116614796,0.9556677094564008,0.0142078556360411,0.1973501487106087,0.0246094188986993,0.7453921128,0.3108081418181244,1.1757725444,0.412974833757146,0.0766351236,0.0488856852124285,C2,C2,C2,mixed
horse-colic,complex_conditions_inner_alternatives,original,0.8260023491001751,0.0634723919604199,0.8984577022460554,0.0204712610300427,0.8452702702702704,0.0580736426737536,0.9118297965274996,0.015552440241826,135.9,21.408461463221084,132.9,20.67446089583313,4.587867322492322,0.2660671190504138,0.6176040580535995,0.0157997335026556,0.9531738939891496,0.013953481025755,0.204308968684981,0.0247314456810772,0.7979278748,0.1801815435805748,1.3840111748,0.3180117452333208,0.0484566095999999,0.0125674188581585,C2,C2,C2,mixed
horse-colic,plain,original,0.8288879598662208,0.0698161427910209,0.8723776944258488,0.011110995772676,0.8452702702702701,0.0646851637289639,0.8861700578750046,0.0109593585922696,112.8,20.02109998088128,112.8,20.02109998088128,3.883261456933871,0.1881323584153483,0.5614937241837732,0.016249858083066,0.9076862348361352,0.0088684711779009,0.2432385297021349,0.0145610734582596,0.5130045048,0.1715130442289099,0.5208061204,0.2026831086584063,0.0772473071999999,0.0286509968390359,C2,C2,C2,mixed
hungarian-heart-disease,complex_conditions,original,0.7752418926103137,0.0849030722801455,0.8994040553001019,0.0139107227774755,0.7955172413793103,0.0711230213635342,0.910800457404231,0.0112195355596223,127.6,13.116571367718183,127.6,13.116571367718183,5.22326596591814,0.3137206384284527,0.6102988971215475,0.0150019379719848,0.9423899783021896,0.0101028156915694,0.2119086914589376,0.0155379737527337,1.3364796283999998,0.1829851658550816,2.1177535524,0.2432358954927402,0.0737659596,0.0119708324403616,C2,C2,C2,mixed
hungarian-heart-disease,complex_conditions_inner_alternatives,original,0.777873471557682,0.0655098060520077,0.907235120846844,0.0095569326165351,0.799080459770115,0.0526448493235852,0.91760863350486,0.0100654407746046,129.4,10.38374798530002,127.0,11.294049564064943,5.360069379091118,0.291964962490623,0.6199461290431455,0.0185912557116306,0.9524939279794834,0.0104287800030404,0.2076427325402749,0.012795311279071,1.5713449584000003,0.2483145005859311,2.5211439548000003,0.3980641225975153,0.0644461604,0.0081907787279855,C2,C2,C2,mixed
hungarian-heart-disease,plain,original,0.793237639553429,0.072451907727275,0.8739010547383078,0.0128787940868258,0.8159770114942531,0.0595497706819088,0.8855002858776444,0.0152323911616752,106.6,9.335713982098827,106.6,9.335713982098824,4.5465543948804825,0.4546041566493142,0.5699023836065787,0.0098698034286847,0.9117728219868834,0.0169525596407999,0.2305762526194689,0.0290166125602147,0.1783666312,0.0356626324872618,0.257669686,0.0503699776430639,0.0329719,0.0089126417593789,C2,C2,C2,mixed
iris,complex_conditions,original,0.9133333333333332,0.0773001205818937,0.9688888888888888,0.0129717783077172,0.9133333333333334,0.0773001205818937,0.9688888888888888,0.0129717783077172,8.8,1.8737959096740264,8.8,1.8737959096740264,1.856666666666667,0.1987926520737587,0.9284841955408756,0.0199069514586131,0.9745279202520704,0.0125459825885228,0.3199012345679012,0.0062282288598347,0.1337146004,0.0541612476930928,0.2176804807999999,0.1243460391024109,0.0098616276,0.0048696861872994,C2,C2,C2,numerical
iris,complex_conditions_inner_alternatives,original,0.9133333333333332,0.0773001205818937,0.9688888888888888,0.0129717783077172,0.9133333333333334,0.0773001205818937,0.9688888888888888,0.0129717783077172,8.8,1.8737959096740264,8.8,1.8737959096740264,1.856666666666667,0.1987926520737587,0.9284841955408756,0.0199069514586131,0.9745279202520704,0.0125459825885228,0.3199012345679012,0.0062282288598347,0.1084320344,0.0469124094843295,0.2128311716,0.1204190714973445,0.0068050411999999,0.0055427331170722,C2,C2,C2,numerical
iris,plain,original,0.9133333333333332,0.0945424328274784,0.9681481481481482,0.007847036336825,0.9133333333333334,0.0945424328274784,0.9681481481481482,0.007847036336825,11.1,1.449137674618944,11.1,1.449137674618944,2.1476190476190475,0.1764691061547593,0.9034540343715598,0.0310168023998986,0.9706832961851342,0.0164980410135053,0.3082522045855379,0.0264828783428625,0.2679041536,0.0859413746468558,0.4498010864,0.2109353589965839,0.058469982,0.041786149961318,C2,C2,C2,numerical
lymphography,complex_conditions,original,0.8146825396825397,0.1022427734662528,0.9734144527466444,0.0106311415421996,0.8176190476190476,0.0907417434038423,0.9504769386151948,0.0190431174869378,40.9,3.1073389830457114,40.9,3.1073389830457114,2.8019505494505497,0.1203539655535051,0.7165782288307592,0.0213227927150496,0.9657254273449944,0.0177783757015838,0.1844753744600142,0.0219388307075181,2.6494484976000003,0.6355161017996467,0.2833084848,0.2297250046788292,0.046176762,0.0329108057784263,C2,C2,C2,mixed
lymphography,complex_conditions_inner_alternatives,original,0.8146825396825397,0.1022427734662528,0.9734144527466444,0.0106311415421996,0.8176190476190476,0.0907417434038423,0.9504769386151948,0.0190431174869378,40.9,3.1073389830457114,40.9,3.1073389830457114,2.8019505494505497,0.1203539655535051,0.7165782288307592,0.0213227927150496,0.9657254273449944,0.0177783757015838,0.1844753744600142,0.0219388307075181,1.890267342,0.167215453226157,0.1425098192,0.0449421087643493,0.0251784968,0.0102518166973333,C2,C2,C2,mixed
lymphography,plain,original,0.7924603174603175,0.1234168452322243,0.9546913195885798,0.010304668378713,0.818095238095238,0.0532065765044203,0.91440354617888,0.0178323928204983,37.9,2.2335820757001272,37.9,2.2335820757001272,2.447636554621849,0.1042039007253448,0.6709995276915112,0.0184967985925992,0.9327433163701816,0.0118387730376476,0.2170434222392806,0.0185402867480819,0.3373641543999999,0.0808404444461936,0.1844517552,0.1539669395281523,0.0342930784,0.0164823264939022,C2,C2,C2,mixed
monk-1,complex_conditions,original,1.0,,1.0,,1.0,,1.0,,4.0,,4.0,,1.3333333333333333,,0.8548387096774194,,1.0,,0.3548387096774193,,0.040254836,,0.0193261279999999,,0.006111024,,C2,C2,C2,nominal
monk-1,complex_conditions_inner_alternatives,original,1.0,,1.0,,1.0,,1.0,,4.0,,4.0,,1.3333333333333333,,0.8548387096774194,,1.0,,0.3548387096774193,,0.093952192,,0.079508984,,0.0162132,,C2,C2,C2,nominal
monk-1,plain,original,0.8343397745571659,,0.903225806451613,,0.835,,0.9032258064516128,,34.0,,34.0,,2.2666666666666666,,0.4174345903235846,,0.8521397447868037,,0.1494623655913978,,0.063625216,,0.0855315399999999,,0.010614796,,C2,C2,C2,nominal
monk-2,complex_conditions,original,0.7571428571428571,,0.7519345238095239,,0.8,,0.7751479289940828,,91.0,,91.0,,3.3703703703703702,,0.4139841016647034,,0.8502417692563112,,0.1599824676747754,,0.462056532,,0.449875704,,0.0905698559999999,,C2,C2,C2,nominal
monk-2,complex_conditions_inner_alternatives,original,0.7571428571428571,,0.7519345238095239,,0.8,,0.7751479289940828,,91.0,,91.0,,3.3703703703703702,,0.4139841016647034,,0.8502417692563112,,0.1599824676747754,,0.332609516,,0.3664240239999999,,0.073018104,,C2,C2,C2,nominal
monk-2,plain,original,0.7380952380952381,,0.7909970238095239,,0.76,,0.8047337278106509,,71.0,,71.0,,2.6296296296296298,,0.3378062942348657,,0.7923721340388008,,0.1117685733070348,,0.359960816,,0.459736492,,0.0781728599999999,,C2,C2,C2,nominal
monk-3,complex_conditions,original,0.8048780487804879,,0.9346774193548386,,0.84,,0.9344262295081968,,10.0,,10.0,,2.0,,0.6132636721008209,,0.8931899641577061,,0.3065573770491803,,0.296294224,,0.319026732,,0.021279824,,C2,C2,C2,nominal
monk-3,complex_conditions_inner_alternatives,original,0.8048780487804879,,0.9346774193548386,,0.84,,0.9344262295081968,,10.0,,10.0,,2.0,,0.6132636721008209,,0.8931899641577061,,0.3065573770491803,,0.21228128,,0.1327876,,0.013172716,,C2,C2,C2,nominal
monk-3,plain,original,0.8050847457627119,,0.9346774193548386,,0.77,,0.9344262295081968,,19.0,,19.0,,1.9,,0.5052107660654588,,0.9053778662984012,,0.171311475409836,,0.315914512,,0.336965596,,0.048158936,,C2,C2,C2,nominal
mushroom,complex_conditions,original,0.9994888172660368,0.0008938146953107,0.999616948825078,9.577317894224472e-05,0.9995075406419088,0.0008609466996048,0.9996307215349792,9.23180589728823e-05,19.9,0.3162277660168379,19.9,0.3162277660168379,1.99,0.0316227766016838,0.8449061859746768,0.0009465832491869,0.9988462614092928,4.7902984527097024e-05,0.3387535018124124,0.0008750584400543,0.8825507075999999,0.1426550261460188,0.8130265828000001,0.0980077470862847,0.1307908727999999,0.0414575241981903,C2,C2,C2,nominal
mushroom,complex_conditions_inner_alternatives,original,0.9994888172660368,0.0008938146953107,0.999616948825078,9.577317894224472e-05,0.9995075406419088,0.0008609466996048,0.9996307215349792,9.23180589728823e-05,19.9,0.3162277660168379,19.9,0.3162277660168379,1.99,0.0316227766016838,0.8449061859746768,0.0009465832491869,0.9988462614092928,4.7902984527097024e-05,0.3387535018124124,0.0008750584400543,0.7838392164,0.0168907995390492,0.7559943816,0.019828623548076,0.1099693968,0.0057853235744205,C2,C2,C2,nominal
mushroom,plain,original,0.96671532431004,0.0062073058009226,0.9667731844550786,0.0007173174181911,0.9662711540908512,0.0062099481863095,0.96632747161362,0.0007177770919375,30.7,2.94580681270476,30.7,2.94580681270476,1.9525320512820517,0.0573068896257928,0.6855932600992578,0.0096582423050694,0.9788855230162812,0.0024513199508931,0.2202653285823569,0.0141918529010338,9.4757586652,19.92911697095685,9.356365793200002,19.90197292985373,0.4470225456,0.09797917781897,C2,C2,C2,nominal
nursery,complex_conditions,original,0.6600164793532496,0.0586941120093751,0.5503577757008769,0.0040293233679,0.8915123456790124,0.0130753586429223,0.8928926611796983,0.005609301165804,508.3,26.878533359459094,508.3,26.878533359459094,4.812370899712761,0.0577014882742454,0.519730895318175,0.0022685005108928,0.9041132903704818,0.0034598366408028,0.0723491816010579,0.0016531189152258,128.620313172,17.978622847697487,144.15600280759998,21.499730325348345,8.2857269836,1.2528312480218928,C2,C2,C2,nominal
nursery,complex_conditions_inner_alternatives,original,0.6600164793532496,0.0586941120093751,0.5503577757008769,0.0040293233679,0.8915123456790124,0.0130753586429223,0.8928926611796983,0.005609301165804,508.3,26.878533359459094,508.3,26.878533359459094,4.812370899712761,0.0577014882742454,0.519730895318175,0.0022685005108928,0.9041132903704818,0.0034598366408028,0.0723491816010579,0.0016531189152258,105.160208854,4.118817496064529,117.5119090776,5.529898854519828,6.6862589228,0.2720471544896916,C2,C2,C2,nominal
nursery,plain,original,0.7642347413501411,0.074619395633301,0.6497654021438197,0.0135994539884029,0.9455246913580246,0.010961739835252,0.953403635116598,0.0076652089327767,1414.2,29.45731374944656,1414.2,29.45731374944656,4.665716066085322,0.0224496928248515,0.4682894170848052,0.0024780113409308,0.9285935584027826,0.003282097746329,0.0089984321613612,0.0006114519673895,217.7580002312,105.16489229755696,332.25335140920004,107.1202138599097,41.8021027512,62.780380610547866,C2,C2,C2,nominal
soybean,complex_conditions,original,0.9345971410006498,0.0292067512295343,0.9677977042578758,0.0068151865383505,0.9122762148337596,0.043421598569279,0.9456648393845504,0.0092662891992518,124.0,9.368979548370133,124.0,9.368979548370133,3.315748323511481,0.2281421178160854,0.7514229412091845,0.0105818056850793,0.89099080613634,0.0156252855785142,0.0613172079503382,0.0051098336328176,2.6495497988000003,1.6076488992106062,5.6391477708,4.604001280183451,1.1093117136,0.5942061046016174,C2,C2,C2,nominal
soybean,complex_conditions_inner_alternatives,original,0.9345971410006498,0.0292067512295343,0.9677977042578758,0.0068151865383505,0.9122762148337596,0.043421598569279,0.9456648393845504,0.0092662891992518,124.0,9.368979548370133,124.0,9.368979548370133,3.315748323511481,0.2281421178160854,0.7514229412091845,0.0105818056850793,0.89099080613634,0.0156252855785142,0.0613172079503382,0.0051098336328176,2.7230003376,2.404534012686565,3.3537752335999995,3.2902232799787727,0.9803566092,0.5815977084758025,C2,C2,C2,nominal
soybean,plain,original,0.9343908382066276,0.0314983401063723,0.9668449329201116,0.0059027433779106,0.900532821824382,0.0379648484862289,0.9458261168930908,0.0071222927919083,130.1,5.762908216439952,130.1,5.762908216439952,3.1493237311941225,0.0910486720339043,0.7425059994019877,0.0060729562369109,0.9309056312243228,0.0079592773113119,0.0539153444824532,0.0049762388732457,0.0680471584,0.0149954765961466,0.1349911455999999,0.0445034177160308,0.0783551308,0.0221455344937362,C2,C2,C2,nominal
tic-tac-toe,complex_conditions,original,0.9576097105508872,0.0161626925119633,0.99297266054634,0.0048508449104765,0.9687061403508772,0.0109341918580443,0.9951293577414352,0.0033607034006912,158.4,13.184165586878157,158.4,13.184165586878157,3.625826341813439,0.1545842227676684,0.5622712992317721,0.0082703923295008,0.9889228495350864,0.0076572048488162,0.0826851782324765,0.0076782056679999,2.5269246572,0.2035727733156873,0.2980562368,0.0823453956462946,0.0993757312,0.0287300912464329,C2,C2,C2,nominal
tic-tac-toe,complex_conditions_inner_alternatives,original,0.9576097105508872,0.0161626925119633,0.99297266054634,0.0048508449104765,0.9687061403508772,0.0109341918580443,0.9951293577414352,0.0033607034006912,158.4,13.184165586878157,158.4,13.184165586878157,3.625826341813439,0.1545842227676684,0.5622712992317721,0.0082703923295008,0.9889228495350864,0.0076572048488162,0.0826851782324765,0.0076782056679999,2.1573806092,0.1651190336371581,0.24777511,0.0484092298224797,0.0855904752,0.0204423868686221,C2,C2,C2,nominal
tic-tac-toe,plain,original,0.9537661105497918,0.0342285755336784,0.9796958142422248,0.0075367682015326,0.95827850877193,0.0268629286282064,0.9808610227636286,0.0071382290477996,132.1,7.370361064576295,132.1,7.370361064576295,3.1841226839213226,0.0454142366389053,0.4925253263760322,0.0063228560432689,0.9423823759809996,0.0076179505952227,0.0524066290773614,0.0032742953671234,0.086353982,0.0258215410685562,0.1001883295999999,0.0393416850681705,0.0398034939999999,0.0048927329902366,C2,C2,C2,nominal
titanic,complex_conditions,original,0.7051389151463592,0.0337174671228985,0.701586343424079,0.0120347470004733,0.7605800082270671,0.0243174344707054,0.7576354917167638,0.0045258599482787,25.0,2.3570226039551585,25.0,2.3570226039551585,1.620756302521008,0.05472399412755,0.3067357258951322,0.0104800638118499,0.7111728228702853,0.0144277023443183,0.4305215332733372,0.0208821579729397,0.5624476632000001,0.0715108637117432,0.767210464,0.0860113524968696,0.2484849524,0.0121935262039837,C2,C2,C2,nominal
titanic,complex_conditions_inner_alternatives,original,0.7051389151463592,0.0337174671228985,0.701586343424079,0.0120347470004733,0.7605800082270671,0.0243174344707054,0.7576354917167638,0.0045258599482787,25.0,2.3570226039551585,25.0,2.3570226039551585,1.620756302521008,0.05472399412755,0.3067357258951322,0.0104800638118499,0.7111728228702853,0.0144277023443183,0.4305215332733372,0.0208821579729397,0.5187774672,0.0361325235604228,0.720516986,0.0404056617720202,0.2447596595999999,0.013720125853018,C2,C2,C2,nominal
titanic,plain,original,0.7109164776128809,0.0318731380067558,0.7108831002654631,0.0035437794820723,0.7832990538872892,0.0281574750155413,0.7832805592522907,0.0031307954303099,22.4,1.577621275493231,22.4,1.577621275493231,1.5762637362637364,0.0240489511388651,0.3191039660036278,0.0092922539521969,0.7662660819405546,0.0099437669635388,0.2793347939289383,0.0115328312998432,0.3026928904,0.0353068914679382,0.3670756843999999,0.0481820923007355,0.1791439956,0.013570125760962,C2,C2,C2,nominal
vote,complex_conditions,original,0.955192098206804,0.0334612095575042,0.9727405880912334,0.0040388565663067,0.9586680761099368,0.0299980970091307,0.9724144005428258,0.0037621425100697,28.6,5.777350411544878,28.6,5.777350411544878,3.975595238095239,0.5979070455321643,0.7156668975003125,0.0539499463518749,0.9357358022837406,0.0209324403414714,0.3244819006795264,0.0505872245325156,1.3002241248,0.4379278411547225,1.4908062444,0.6087128997055449,0.1597272448,0.0538185319801978,C2,C2,C2,nominal
vote,complex_conditions_inner_alternatives,original,0.955192098206804,0.0334612095575042,0.9727405880912334,0.0040388565663067,0.9586680761099368,0.0299980970091307,0.9724144005428258,0.0037621425100697,28.6,5.777350411544878,28.6,5.777350411544878,3.975595238095239,0.5979070455321643,0.7156668975003125,0.0539499463518749,0.9357358022837406,0.0209324403414714,0.3244819006795264,0.0505872245325156,1.0855681784000002,0.1556461555252309,1.2501367788,0.1685397156673908,0.130438764,0.0327593024790266,C2,C2,C2,nominal
vote,plain,original,0.9523221468074408,0.0245884191509803,0.9510869991110198,0.0072870975124415,0.9563424947145878,0.0227200331543276,0.956065034709536,0.0066959289290044,9.6,1.577621275493231,9.6,1.577621275493231,1.5152380952380953,0.122865755819662,0.7350973060002517,0.0400792198054969,0.907466814469392,0.0217954364274378,0.4638732884458131,0.0149569449061279,0.3011471948,0.0830282539371116,0.0914749132,0.0743261445150058,0.0295278967999999,0.0201845051993678,C2,C2,C2,nominal
wine,complex_conditions,original,0.9417460317460316,0.049796202903205,0.983293800468731,0.0073958015921742,0.9437908496732026,0.0523964009256903,0.9843944099378884,0.0060718334142655,15.4,1.6465452046971292,15.4,1.6465452046971292,1.875,0.1289665581220751,0.8971869183711686,0.0085366684985372,1.0,0.0,0.2710541752933057,0.005856683196176,0.1804057912,0.0157468872758947,0.4145235935999999,0.0363833965601479,0.0017615448,0.0005307767645816,C2,C2,C2,numerical
wine,complex_conditions_inner_alternatives,original,0.9306349206349204,0.0491226459949205,0.9790199296854262,0.00807942451933,0.9326797385620916,0.0509123803825513,0.9800155279503104,0.0071138662502359,16.0,2.5385910352879693,15.0,2.0548046676563256,2.025,0.2101451825106307,0.8964435782135014,0.0091473966763335,1.0,0.0,0.2705897848269742,0.0061325645471776,0.3886046992,0.0485423628803762,0.9485636432000002,0.0998930740587566,0.0016788072,0.0003478413914354,C2,C2,C2,numerical
wine,plain,original,0.9548412698412696,0.0544131084589185,0.983293800468731,0.0073958015921742,0.9552287581699346,0.057457097964666,0.9843944099378884,0.0060718334142655,15.5,1.7795130420052183,15.5,1.7795130420052183,1.886111111111111,0.1349439755721235,0.8975570703627828,0.008377978510938,1.0,0.0,0.2713211158557626,0.0060150432654407,0.0297343168,0.0107103310291059,0.0420305059999999,0.0150179674486873,0.0023797684,0.0006263095118363,C2,C2,C2,numerical
zoo,complex_conditions,original,0.8883333333333333,0.1266983391201418,0.9927437641723356,0.0094889522760242,0.93,0.0823272602348564,0.9955921855921857,0.0056905730929504,15.6,1.505545305418162,15.6,1.505545305418162,1.6608333333333334,0.0880014535669949,0.8930506372224416,0.0378430287919559,0.9796717171717172,0.0185257867585416,0.1140031881698548,0.0082251830363619,0.8583368163999999,0.4974150001572948,0.7441637704,0.4982182739941549,0.1052822955999999,0.0766988754591602,C2,C2,C2,
zoo,complex_conditions_inner_alternatives,original,0.8883333333333333,0.1266983391201418,0.9927437641723356,0.0094889522760242,0.93,0.0823272602348564,0.9955921855921857,0.0056905730929504,15.6,1.505545305418162,15.6,1.505545305418162,1.6608333333333334,0.0880014535669949,0.8930506372224416,0.0378430287919559,0.9796717171717172,0.0185257867585416,0.1140031881698548,0.0082251830363619,0.4995122443999999,0.254010137209872,0.4788684747999999,0.2299984191598305,0.0619622108,0.0210927617139994,C2,C2,C2,
zoo,plain,original,0.8600000000000001,0.1340720278133187,0.9794217687074828,0.0129982287617558,0.9209090909090912,0.0786770782669774,0.987887667887668,0.008141798744854,28.9,1.852925614624973,28.9,1.852925614624973,2.38962703962704,0.0928971776279429,0.8596679054910762,0.0134506378891336,0.9924708624708624,0.0067889150655822,0.0930758557681634,0.0042320914425336,0.3581236356,0.0802480292868161,0.1617828795999999,0.286897528648514,0.0253228303999999,0.0250438528605559,C2,C2,C2,
